{"cameraMode":{"drawMode":0,"name":"Shaded","section":"Shading Mode"},"sceneLighting":true,"audioPlay":false,"sceneViewState":{"showFog":true,"showMaterialUpdate":false,"showSkybox":true,"showFlares":true,"showImageEffects":true,"showParticleSystems":true},"in2DMode":false,"pivot":{"x":7.350563049316406,"y":-64.19081115722656,"z":71.20498657226563},"rotation":{"x":0.23520603775978089,"y":-0.6739203929901123,"z":0.2406964898109436,"w":0.6578076481819153},"size":147.39598083496095,"orthographic":false}